가게명,별점,주소,카테고리,위도,경도
세븐코인노래연습장,0.0,광주 서구 시청로56번길 8 지하 1층 쎄븐코인노래연습장,노래방,35.1532792040005,126.852731376864
코인몬스터 코인노래연습장 광주수완점,0.0,광주 광산구 임방울대로332번길 9-18 4층 코인몬스터 광주수완점,노래방,35.1900155400036,126.825899345851
더힐코인노래연습장,4.67,광주 서구 시청로56번길 18 볼륨소주방 지하1층,노래방,35.1532788567819,126.853859039694
비바인터넷노래연습장,0.0,광주 북구 안산로 40,노래방,35.1909007106333,126.902222725777
필통코인노래연습장,0.0,광주 광산구 임방울대로332번길 9-4,노래방,35.1900245538804,126.824650050853
락코인노래연습장,0.0,광주 광산구 사암로216번길 38-6 3층303호,노래방,35.1630268084077,126.81036376653
탑스타동전노래연습장,4.39,광주 광산구 풍영로200번길 51 3층,노래방,35.1899064074645,126.8169879892
MeYA코인노래연습장,0.0,광주 서구 상무오월로3번길 24-6 1층,노래방,35.1574839102551,126.860070389599
코노코인노래연습장,0.0,광주 북구 설죽로 499 2층,노래방,35.2036438915495,126.897989973525
멜론코인노래연습장,4.75,광주 남구 서문대로 717,노래방,35.1232797112573,126.897947867561
오라구코인노래연습장,0.0,광주 서구 하남대로 660,노래방,35.1716555679157,126.864802461591
필통코인노래연습장,4.62,광주 서구 월드컵4강로42번길 62,노래방,35.1419173905441,126.882535223096
몬스타동전노래연습장,0.0,광주 광산구 임방울대로332번길 25,노래방,35.18975998234,126.825256919001
홍길동전노래연습장,0.0,광주 북구 우치로90번길 25,노래방,35.1756446812269,126.914051491358
필통코인노래연습장,0.0,광주 남구 봉선중앙로 62-1,노래방,35.1265794211249,126.911470191899
소울보이스,0.0,광주 광산구 왕버들로 265,노래방,35.1962386348451,126.837689320355
짬짬이코인노래연습장 본사직영점,0.0,광주 북구 우치로90번길 6,노래방,35.1754154848032,126.912941657771
코노코노코인노래연습장,0.0,광주 광산구 임방울대로826번길 47 시너지타워 306호,노래방,35.2153064772063,126.84920631205
야동전 노래연습장,0.0,광주 동구 충장로 105-1,노래방,35.1470518920869,126.918403120036
금호코인노래연습장,0.0,광주 광산구 사암로 214,노래방,35.1634043288207,126.8088355567
쩐대동전노래연습장,0.0,광주 북구 우치로90번길 16,노래방,35.1754183229244,126.913506242854
엔젤스코인노래연습장 광주첨단점,0.0,광주 광산구 첨단중앙로106번길 29 1층,노래방,35.2149911155043,126.844800470237
질러넷동전노래방,0.0,광주 북구 서하로 113,노래방,35.187565988135,126.893073829351
필통코인노래연습장,4.55,"광주 동구 필문대로287번길 29-15 1,2층",노래방,35.1448087362192,126.930033186817
칸쵸코인노래연습장,0.0,광주 동구 충장로 94-9,노래방,35.1472217663018,126.917159814646
엔젤보이스 코인노래연습장,0.0,광주 광산구 풍영로200번길 71,노래방,35.1898802481866,126.818111493564
남부게임랜드동전노래방,0.0,광주 동구 필문대로273번길 4,노래방,35.1466193937538,126.92803657671
세븐스타코인노래방 전남대점,0.0,광주 북구 우치로 94-1,노래방,35.1759098109294,126.912721683287
코노코노 코인노래방,0.0,광주 동구 중앙로160번길 21 지하 1층 코인노래방,노래방,35.1471412959493,126.915235495755
세븐코인노래연습장,0.0,광주 북구 용봉택지로 77 3층 세븐코인노래연습장,노래방,35.1786448002389,126.895008459805
탑코인노래연습장,0.0,광주 동구 중앙로160번길 12-1 지하1층 탑코인노래연습장,노래방,35.1474448101671,126.914374926086
휴테마파크,0.0,광주 서구 풍금로177번길 5,노래방,35.1315417198918,126.858725193165
픽미업 코인노래연습장,0.0,광주 남구 효우로93번길 11,노래방,35.1053680907023,126.905578096706
빅타운게임장노래방,0.0,광주 북구 설죽로214번길 95,노래방,35.1780046846355,126.902930452441
힐링 동전 노래연습장,0.0,광주 북구 면앙로 151,노래방,35.1764969708519,126.928415891301
더보이스동전노래연습장,0.0,광주 광산구 임방울대로800번길 82,노래방,35.2137964719766,126.845722236688
잇츠코인노래연습장 보건대점,0.0,광주 광산구 북문대로419번길 61 1층,노래방,35.1923248617914,126.846107392131
필통코인노래연습장,0.0,광주 북구 문산로 43-11,노래방,35.186041658187,126.922065152297
큐코인노래방 첨단점,0.0,광주 광산구 앰코로 35,노래방,35.2215326011543,126.85239146838
챔프게임랜드,0.0,광주 남구 서문대로 662 기호빌딩 지하1층,노래방,35.1184001919882,126.899156609509
케이스타코인노래연습장,0.0,광주 북구 대천로 124-3 2층 케이스타코인노래연습장,노래방,35.1855188794632,126.920550637656
필통노래연습장,0.0,광주 북구 설죽로 496-5,노래방,35.2039778279272,126.899047856352
월드게임장노래방,0.0,광주 남구 제중로 39 월드게임랜드,노래방,35.1381106451959,126.913962029073
질러넷게임방노래방,0.0,광주 광산구 월계로 173-9,노래방,35.2143983312258,126.844195225228
락코인노래방and게임존,0.0,광주 북구 첨단연신로91번길 22,노래방,35.2065000276653,126.861917533306
잉스타코인노래연습장,0.0,광주 북구 밤실로 171,노래방,35.1626415533846,126.934444462602
팡팡동전,0.0,광주 남구 서문대로 700,노래방,35.1218220134326,126.89901120091
게임피아노래방,0.0,광주 광산구 앰코로 35 폭스존,노래방,35.2215326011543,126.85239146838
봉봉동전노래연습장,0.0,광주 북구 밤실로 205,노래방,35.1653564878137,126.932874408388
전일죠이랜드동전노래방,0.0,광주 동구 중앙로196번길 31-12,노래방,35.1489976834298,126.919244877961
세븐코인노래연습장,0.0,광주 서구 시청로56번길 8 지하 1층 쎄븐코인노래연습장,노래방,35.1532792040005,126.852731376864
코인몬스터 코인노래연습장 광주수완점,0.0,광주 북구 송해로 70-9 질러넷동전노래방,노래방,35.2048915982684,126.900109540308
더힐코인노래연습장,0.0,광주 서구 월드컵4강로28번길 56,노래방,35.141126524506,126.882245021129
비바인터넷노래연습장,0.0,광주 북구 송해로 65,노래방,35.2041344513589,126.899551720662
필통코인노래연습장,0.0,광주 북구 자미로 56,노래방,35.1709131465095,126.904491056065
락코인노래연습장,0.0,광주 동구 중앙로160번길 31-41,노래방,35.1471796530649,126.916736589985
탑스타동전노래연습장,0.0,광주 북구 서하로 199,노래방,35.1873793646046,126.90230588601
MeYA코인노래연습장,0.0,광주 북구 첨단연신로91번길 32-10,노래방,35.206998754059,126.861215375994
코노코인노래연습장,0.0,광주 광산구 북문대로419번길 61,노래방,35.1923248617914,126.846107392131
멜론코인노래연습장,0.0,광주 북구 서방로 25,노래방,35.1733094143236,126.915804423444
오라구코인노래연습장,0.0,광주 북구 군왕로208번길 14,노래방,35.1789245313853,126.936548551578
필통코인노래연습장,0.0,광주 북구 우치로100번길 9-4,노래방,35.1766328716092,126.91308691567
몬스타동전노래연습장,0.0,광주 북구 우치로126번길 6-1,노래방,35.1784712814539,126.912589731923
홍길동전노래연습장,0.0,광주 북구 서하로 199,노래방,35.1873793646046,126.90230588601
필통코인노래연습장,0.0,광주 북구 설죽로 518-8 큐브스타코인노래연습장 2층,노래방,35.2051146358312,126.898966282404
소울보이스,0.0,광주 북구 서하로 199,노래방,35.1873793646046,126.90230588601
짬짬이코인노래연습장 본사직영점,0.0,광주 동구 충장로안길 17 지하,노래방,35.1480261320356,126.915321273776
코노코노코인노래연습장,0.0,광주 광산구 용아로379번길 39,노래방,35.1764904360993,126.802176566005
야동전 노래연습장,0.0,광주 북구 하서로 424 202호,노래방,35.212639881358,126.875054757466
금호코인노래연습장,0.0,광주 서구 운천로 1 2층,노래방,35.1328511712192,126.859070526737
쩐대동전노래연습장,0.0,광주 서구 화정로 255 3층,노래방,35.1477912698717,126.884576302863
엔젤스코인노래연습장 광주첨단점,0.0,광주 서구 풍암1로21번길 3-10 DM타워,노래방,35.1258041725736,126.878597564698
질러넷동전노래방,4.27,광주 동구 중앙로160번길 27-1,노래방,35.1468153543311,126.915868701708
필통코인노래연습장,0.0,광주 북구 북문대로 113 지하1층 103호,노래방,35.1792831100328,126.875122949077
칸쵸코인노래연습장,0.0,광주 서구 상무중앙로 29 지하1층,노래방,35.1495913710549,126.847908223608
엔젤보이스 코인노래연습장,0.0,광주 광산구 첨단중앙로 96 LC타워 2층,노래방,35.2138342256441,126.843465057781
남부게임랜드동전노래방,0.0,광주 북구 첨단연신로107번길 5-10,노래방,35.2069699956806,126.86359029011
세븐스타코인노래방 전남대점,0.0,광주 북구 매곡로 70 지하1층,노래방,35.1912675505624,126.893243011816
코노코노 코인노래방,0.0,광주 남구 효우2로26번길 24,노래방,35.1025054143916,126.887684235694
세븐코인노래연습장,0.0,광주 동구 중앙로160번길 15-2 지하1,노래방,35.1473167642597,126.914940112611
탑코인노래연습장,0.0,광주 광산구 장신로147번길 5-18,노래방,35.1916620527008,126.824843623084
휴테마파크,0.0,광주 북구 동문대로 11,노래방,35.1658630879878,126.919339181829
픽미업 코인노래연습장,0.0,광주 북구 하서로 415,노래방,35.2122542713812,126.874086120681
빅타운게임장노래방,0.0,광주 북구 우치로90번길 11 B1,노래방,35.175631187556,126.913329933067
브루클린당구클럽,4.42,광주 동구 충장로 102-12 번지 2층,당구장,35.1470554517517,126.917404264143
SM 당구클럽,0.0,광주 서구 상무연하로 58,당구장,35.1532728775313,126.85050942751
존케이지빌리어즈 용산지구점,0.0,광주 동구 용산1로 12,당구장,35.1183831903654,126.924191259114
국가대표당구장,0.0,광주 북구 동운로201번길 57-3,당구장,35.1751619793216,126.874387484243
탑당구장,0.0,광주 북구 갈마로 55 4층 탑당구장,당구장,35.1620255302906,126.936581435145
s당구클럽,0.0,광주 광산구 장신로 176,당구장,35.190447851531,126.829334553884
락당구장,0.0,광주 서구 시청로60번길 10 금성빌딩,당구장,35.1537467024804,126.852775311963
우리동네당구장,0.0,광주 서구 회재로 906,당구장,35.1230434613978,126.863184451593
스타당구장,0.0,광주 서구 운천로17번길 4,당구장,35.134268593582,126.858786206915
신창당구장,0.0,광주 광산구 신창로72번길 10-29,당구장,35.1914015616075,126.838731054788
월산당구클럽,0.0,광주 남구 대남대로 307 무등종로약국,당구장,35.1394841157903,126.894743621792
데굴데굴 당구클럽,0.0,광주 북구 우치로100번길 24 5층,당구장,35.1762737193435,126.913644756311
코코당구장,0.0,광주 광산구 첨단중앙로152번길 76 4층,당구장,35.2188136472679,126.846281255979
포켓스토리,4.85,광주 북구 우치로 112,당구장,35.1774421995188,126.91246063364
스타당구클럽,0.0,광주 광산구 수완로 64,당구장,35.1908862929207,126.829095154391
수당구장,0.0,광주 광산구 수완로49번길 8 2층,당구장,35.1898465038846,126.828466546488
그냥당구장,0.0,광주 광산구 수완로 59,당구장,35.1903792852108,126.828460266243
준호네 당구장,0.0,광주 서구 상무연하로 22 7층,당구장,35.1501388209813,126.850486406655
힐링당구장,0.0,광주 북구 서하로 156,당구장,35.1870053457936,126.897452031932
쿠션당구클럽,0.0,광주 광산구 장신로 44 4층 쿠션당구클럽,당구장,35.1905540516861,126.814867322345
힐링당구클럽,0.0,광주 서구 군분로147번길 13,당구장,35.1445302609158,126.886415480931
네오빌리어드클럽,0.0,광주 서구 화운로 11 2층,당구장,35.1417767137797,126.88500550942
작당당구장,0.0,광주 남구 서문대로 828 2층,당구장,35.1322560766884,126.901042293615
스타당구클럽,0.0,광주 광산구 용아로379번길 49,당구장,35.1763886444817,126.801552937997
민당구클럽,0.0,광주 광산구 임방울대로801번길 26 4층,당구장,35.2191712402008,126.846231924075
518당구장,0.0,광주 서구 상무민주로76번길 1,당구장,35.1573337215365,126.859583670044
뽀록쟁이당구장,0.0,광주 광산구 임방울대로825번길 48,당구장,35.2201318866281,126.849015275843
홍당구클럽,0.0,광주 서구 화정로 134,당구장,35.1450879398164,126.871957050966
안우평광주당구아카데미클럽,0.0,광주 서구 풍금로151번길 14,당구장,35.1313173403945,126.858236125673
이프로당구클럽,0.0,광주 남구 봉선2로 91,당구장,35.1261356111169,126.916453014235
김성관당구클럽,4.53,광주 서구 상무중앙로78번길 10,당구장,35.1536875197556,126.849576244213
황제당구클럽,0.0,광주 광산구 무진대로231번길 30-25 광은빌딩 2층 황제당구클럽,당구장,35.1632469747152,126.807540630034
SM 당구클럽,0.0,광주 북구 설죽로370번길 30 3층,당구장,35.193351302571,126.901764330694
S당구클럽,0.0,광주 광산구 손재로110번길 20,당구장,35.1756276782328,126.798199530369
조이당구클럽,0.0,광주 서구 하남대로680번길 3,당구장,35.1711593198676,126.86720092717
세븐당구장,0.0,광주 광산구 월곡산정로 12,당구장,35.1663171496993,126.803870190698
삼일당구장,0.0,광주 동구 충장로 94-9,당구장,35.1472217663018,126.917159814646
풀하우스포켓클럽,0.0,광주 동구 필문대로 277,당구장,35.1465741192675,126.927689840575
사나이당구장,0.0,광주 광산구 광산로 13-1,당구장,35.1382579597976,126.793468485115
빌리케롬클럽,0.0,광주 광산구 사암로390번길 37 4층,당구장,35.1792728091835,126.809760110708
센타당구클럽,0.0,광주 광산구 장신로50번길 9-16,당구장,35.190170448693,126.816593882311
휴먼당구장,0.0,광주 서구 동천로10번길 36-8,당구장,35.1691769095862,126.861437847603
금메달당구클럽,0.0,광주 서구 풍암1로21번길 3-20,당구장,35.1263535036124,126.878367561053
M당구클럽,0.0,광주 남구 봉선2로 25 귀은빌딩  4층,당구장,35.125831110708,126.909158724393
트로이당구클럽,0.0,광주 북구 중흥로 88,당구장,35.1636118681033,126.903798541908
큐당구클럽,0.0,광주 광산구 사암로171번길 60,당구장,35.160107766235,126.804525420298
열린당구장,0.0,광주 광산구 사암로390번길 13-32,당구장,35.1794431105794,126.809897491856
메인당구장,0.0,광주 광산구 장신로82번길 16,당구장,35.1901630253625,126.818727706612
빅박스당구클럽,0.0,광주 동구 갈마로 56 5층,당구장,35.1615534968335,126.936597387368
SM당구장,0.0,광주 서구 내방로353번길 10,당구장,35.1582620444146,126.879611020529
브루클린당구클럽,4.42,광주 동구 충장로 102-12 번지 2층,당구장,35.1470554517517,126.917404264143
SM 당구클럽,0.0,광주 북구 설죽로 496-5,당구장,35.2039778279272,126.899047856352
존케이지빌리어즈 용산지구점,0.0,광주 광산구 사암로215번길 83,당구장,35.1638436349562,126.803752317246
국가대표당구장,0.0,광주 서구 운천로 13 CAN,당구장,35.1338016743013,126.859006896007
탑당구장,0.0,광주 광산구 광산로19번길 20,당구장,35.1390618819205,126.793520441313
s당구클럽,0.0,광주 서구 상무시민로 95-2,당구장,35.1554338802458,126.849557445173
락당구장,0.0,광주 서구 상무평화로 93-6,당구장,35.1486756555251,126.849404722623
우리동네당구장,0.0,광주 광산구 손재로110번길 35,당구장,35.1763566179168,126.798749478467
스타당구장,0.0,광주 광산구 용아로379번길 8,당구장,35.1772367954136,126.803862189918
신창당구장,0.0,광주 광산구 첨단중앙로152번길 76,당구장,35.2188136472679,126.846281255979
월산당구클럽,0.0,광주 북구 양산로 41 3층(양산동),당구장,35.2106715134157,126.878871678462
데굴데굴 당구클럽,0.0,광주 남구 봉선중앙로47번길 10,당구장,35.1251786161103,126.910495613243
코코당구장,0.0,광주 광산구 무진대로231번길 23,당구장,35.1632760541109,126.805936946243
포켓스토리,0.0,광주 광산구 손재로110번길 36,당구장,35.1758826639837,126.799062417208
스타당구클럽,0.0,광주 북구 일곡택지로 65,당구장,35.2075607695901,126.894061053873
수당구장,0.0,광주 광산구 임방울대로216번길 6-17,당구장,35.1804378150034,126.818695836134
그냥당구장,0.0,광주 남구 효천2로가길 5 4층 cc당구클럽,당구장,35.1020577624808,126.87389978257
준호네 당구장,0.0,광주 북구 두방길 95,당구장,35.165426309833,126.931049734747
힐링당구장,0.0,광주 서구 금화로85번길 6,당구장,35.1329513878404,126.858053680456
쿠션당구클럽,0.0,광주 북구 우치로90번길 21,당구장,35.1756783428899,126.913855501624
힐링당구클럽,0.0,광주 광산구 장신로147번길 5-12 4F 우리당구클럽,당구장,35.1913652601877,126.824984363944
네오빌리어드클럽,0.0,광주 동구 경양로 260,당구장,35.1560402848231,126.918440132346
작당당구장,0.0,광주 북구 운용로 86,당구장,35.17671808249,126.895450604833
스타당구클럽,0.0,광주 북구 북문대로103번길 21 3층,당구장,35.1785596852288,126.874864420692
민당구클럽,0.0,광주 남구 서문대로 700,당구장,35.1218220134326,126.89901120091
518당구장,0.0,광주 광산구 왕버들로265번길 7-11,당구장,35.1968379792801,126.837312259914
뽀록쟁이당구장,0.0,광주 북구 용봉택지로 95,당구장,35.1786662098531,126.896953006503
홍당구클럽,0.0,광주 광산구 용아로379번길 40,당구장,35.1770142900855,126.802168161219
안우평광주당구아카데미클럽,0.0,광주 북구 양산로 12,당구장,35.2108320649304,126.875515280182
이프로당구클럽,0.0,광주 서구 풍암1로21번길 15,당구장,35.1258350400648,126.879632645558
김성관당구클럽,0.0,광주 남구 백운로 66,당구장,35.1391904418135,126.906141911448
황제당구클럽,0.0,광주 남구 효덕로 304-1,당구장,35.1106244402251,126.896555543903
SM 당구클럽,0.0,광주 광산구 동곡로 739,당구장,35.1475147449314,126.777872846834
S당구클럽,0.0,광주 남구 군분로 86,당구장,35.1408433876067,126.891493490172
조이당구클럽,0.0,광주 남구 봉선중앙로123번길 20 송암빌딩 ( 스타폭스 ),당구장,35.1320227666154,126.908449422918
세븐당구장,0.0,광주 광산구 첨단중앙로152번길 62,당구장,35.2188128342362,126.845712964609
삼일당구장,0.0,광주 동구 무등로 419,당구장,35.1586937664497,126.927915091496
풀하우스포켓클럽,0.0,광주 동구 지산로 3,당구장,35.144623394709,126.930152080457
사나이당구장,0.0,광주 광산구 목련로153번길 79-1,당구장,35.1753954879271,126.814081105323
빌리케롬클럽,0.0,광주 북구 서하로 373,당구장,35.1860913529764,126.921275478405
센타당구클럽,0.0,광주 북구 용봉택지로 61,당구장,35.1787432698618,126.893302424148
휴먼당구장,0.0,광주 광산구 수완로 58,당구장,35.1902009370512,126.828991183711
금메달당구클럽,0.0,광주 동구 중앙로160번길 35,당구장,35.1462117168075,126.916395629928
M당구클럽,0.0,광주 서구 상무중앙로78번길 5-2,당구장,35.1541115487397,126.849382305066
트로이당구클럽,0.0,광주 북구 안산로 9,당구장,35.1881193336058,126.902251969353
큐당구클럽,0.0,광주 광산구 용아로379번길 10,당구장,35.1772035423092,126.803643916982
열린당구장,0.0,광주 북구 면앙로121번길 87,당구장,35.1808690480526,126.926835101974
메인당구장,0.0,광주 광산구 임방울대로332번길 35,당구장,35.1897596309828,126.825889131616
빅박스당구클럽,0.0,광주 북구 우치로90번길 8-5,당구장,35.1752226815275,126.913188643603
SM당구장,0.0,광주 광산구 월계로 169,당구장,35.2136680435915,126.844044726574
빅볼 당구장,0.0,"광주 남구 광복마을7길 7 2, 3층",당구장,35.1274011826525,126.895495018691
영구당구클럽,0.0,광주 북구 우치로110번길 28,당구장,35.1772918362806,126.913946454214
스카이당구클럽,0.0,광주 북구 우치로90번길 5,당구장,35.1756997342957,126.912888112236
명가당구클럽,0.0,광주 서구 상무버들로 26,당구장,35.1646064156893,126.860591640994
송정당구클럽,0.0,광주 광산구 용아로379번길 35 3층,당구장,35.1765189344247,126.802351704684
대통녕당구클럽,0.0,광주 동구 충장로 29,당구장,35.1513820577796,126.911878916267
탑당구장,0.0,광주 남구 봉선2로 39-6,당구장,35.1261759331449,126.910804567859
하남역당구클럽,0.0,광주 남구 회재로 1242,당구장,35.1338225124352,126.896881821197
VIP당구클럽,0.0,광주 서구 상무대로955번길 11-1,당구장,35.1526073260108,126.86633378429
포켓볼파티,0.0,광주 북구 양산택지로 52,당구장,35.210759936091,126.880595917055
스타당구클럽,0.0,광주 광산구 임방울대로826번길 25,당구장,35.216368244848,126.848970953365
연아당구장,0.0,광주 서구 군분로179번길 14,당구장,35.1471517607479,126.88439394008
타이거당구클럽,0.0,광주 서구 상무번영로 44 캐네디안바닷가재,당구장,35.153777890416,126.853296233411
센트럴당구클럽,0.0,광주 북구 탁영로 6,당구장,35.1665153272024,126.933132943039
킹당구클럽,0.0,광주 북구 문산로 27-4 7층 아지트당구장,당구장,35.184773015559,126.92194899737
원당구장,0.0,광주 서구 상무대로884번길 17-4 가도도시형생활주택,당구장,35.1486659273033,126.859464236813
cc당구클럽,0.0,광주 북구 서암대로 39,당구장,35.172904664347,126.889112821951
교대당구장,0.0,광주 서구 월드컵4강로 239,당구장,35.1575571172082,126.868868137662
홍춘당구클럽,0.0,광주 북구 양산로 50,당구장,35.2102199316255,126.879680549539
오픈스페이스,0.0,광주 서구 하남대로 696 모림빌딩4층,당구장,35.1714673097498,126.868768857368
우리당구클럽,0.0,광주 북구 서하로 119,당구장,35.1876093848768,126.8936328453
골드당구클럽,0.0,광주 서구 상무버들로 22,당구장,35.164565279102,126.86103219139
레전드당구클럽,0.0,광주 서구 상무대로 908,당구장,35.1505705084853,126.861190535889
큐앤볼당구,0.0,광주 서구 죽봉대로22번길 3,당구장,35.155447790111,126.883921689962
빅당구장,0.0,광주 광산구 수완로74번길 12-6,당구장,35.1910757168199,126.829449957188
빅박스당구클럽,0.0,광주 광산구 송정로 30,당구장,35.1359004266255,126.794355857522
당구존,0.0,광주 광산구 수등로 251,당구장,35.1853357804454,126.836358264392
J당구장,0.0,광주 서구 풍금로151번길 6-6,당구장,35.130552421007,126.858525240768
용두당구클럽,0.0,광주 서구 상일로24번길 8,당구장,35.1574773718264,126.863904979025
무등당구장,0.0,광주 동구 중앙로160번길 31-12,당구장,35.1466984827744,126.916702182944
블루당구클럽,4.32,광주 광산구 첨단강변로99번길 17 2층,당구장,35.2154132801593,126.851681501535
리버풀당구클럽,0.0,광주 광산구 왕버들로 265,당구장,35.1962386348451,126.837689320355
선운당구클럽,0.0,광주 북구 서강로54번길 22,당구장,35.1759590875069,126.873385625711
동네당구장,0.0,광주 북구 송해로 67,당구장,35.2044052098152,126.899433663485
봉선국제식대대당구장,0.0,광주 북구 자미로 51,당구장,35.1705999439067,126.903945309169
루루당구장,0.0,광주 광산구 손재로110번길 42 5층 ok당구클럽,당구장,35.1759555268698,126.799300018166
삼대당구장,0.0,광주 북구 첨단연신로 261,당구장,35.207320476313,126.859056300292
마이빌리어드클럽,0.0,광주 서구 상무번영로 53 리치네스빌딩,당구장,35.1547663035627,126.852761512436
용용당구장,0.0,광주 광산구 장신로 176,당구장,35.190447851531,126.829334553884
문흥 당구장,0.0,광주 북구 첨단연신로91번길 20-7,당구장,35.2069794377198,126.86190090759
빌리진당구클럽,0.0,광주 광산구 풍영로229번길 5,당구장,35.1919709824319,126.813752492137
JJ당구클럽,0.0,광주 서구 치평로 112,당구장,35.1572855320534,126.847673629275
보스당구장,0.0,광주 남구 서문대로 737-2 2층 시카고당구장,당구장,35.125027782381,126.897266031847
아지트당구클럽,0.0,광주 동구 의재로 69,당구장,35.1322500499782,126.935220082985
킹콩당구장,0.0,광주 동구 무등로304번길 8,당구장,35.1620782924386,126.9157772536
탑당구클럽,0.0,광주 광산구 장신로 255,당구장,35.1909255181941,126.838229117303
트루당구장,0.0,광주 서구 풍금로 39,당구장,35.1226608949979,126.863160187781
모아당구장,0.0,광주 서구 월드컵4강로 230,당구장,35.1566339203078,126.869596840344
별세계당구클럽,4.4,"광주 남구 봉선2로 37 , 3층",당구장,35.1258494263564,126.910393725447
스마일당구장,0.0,광주 동구 양림로119번길 7,당구장,35.1404771901673,126.920178984903
무지개당구장,0.0,광주 북구 설죽로214번길 107-6,당구장,35.1783578984176,126.903685990796
스카이당구클럽,0.0,광주 광산구 첨단중앙로152번길 17-3,당구장,35.2193041963141,126.843006860821
빅박스당구장,0.0,광주 북구 유림로 144 3층 DS당구클럽,당구장,35.1753420369939,126.864247250061
마초당구CIUB,0.0,광주 북구 황계로55번길 12-14,당구장,35.178617600144,126.875435528863
에이스당구클럽,0.0,광주 남구 광복마을길 49 5층,당구장,35.122216821619,126.897307080915
유일당구장,0.0,광주 북구 면앙로139번길 35,당구장,35.1780946182408,126.927947040726
공때려당구장,0.0,광주 남구 효덕로 286,당구장,35.1090473652862,126.897139545946
뽀록당구클럽,0.0,광주 동구 구성로152번길 24,당구장,35.1487218735977,126.912503363398
하이런당구클럽,0.0,광주 북구 용봉로 77 전남대학교 학생생활관9호관 2층 204호,당구장,35.1738813321332,126.911144724821
이칠당구장,0.0,광주 광산구 선운로 7,당구장,35.1489615454436,126.770393387654
후루꾸당구클럽,0.0,광주 서구 상무중앙로 9 동양빌딩,당구장,35.1477598158502,126.847915252819
동서당구장,0.0,광주 북구 매곡로 76,당구장,35.1915220580769,126.892897139537
챔프당구장,0.0,광주 서구 상무평화로 93-6,당구장,35.1486756555251,126.849404722623
패밀리 당구존,0.0,광주 남구 군분로 43,당구장,35.1374048373964,126.893487620878
아지트당구장,0.0,광주 광산구 임방울대로800번길 42,당구장,35.2156744986954,126.845701110312
무지개당구장,0.0,광주 광산구 사암로 275,당구장,35.1689433365633,126.808771222343
놀이터당구장,0.0,광주 북구 일곡마을로 41 2층 당당클럽당구장,당구장,35.2051175486606,126.896756083552
매니아당구장,0.0,광주 북구 북문대로242번길 13,당구장,35.1883264335269,126.865955263122
양지당구장,0.0,광주 동구 중앙로160번길 16-4,당구장,35.1472632517458,126.914468175904
CC당구클럽,0.0,광주 광산구 어등대로 418-2,당구장,35.1489301416467,126.769898977829
OK당구클럽,0.0,광주 북구 자미로 57,당구장,35.1712376257037,126.904022826901
유촌당구장,0.0,광주 서구 마륵로 126,당구장,35.1464206143678,126.845170978922
ABC당구클럽,0.0,광주 서구 하남대로 696,당구장,35.1714673097498,126.868768857368
피리당구장,0.0,광주 서구 상무화원로32번길 35,당구장,35.1464379603561,126.846193164378
당구마을,0.0,광주 남구 효덕로 272,당구장,35.1076913028835,126.897297773195
집근처당구장,0.0,광주 북구 양산택지로51번길 2,당구장,35.2110014260059,126.880248953232
스피드당구장,0.0,광주 광산구 사암로216번길 28-8,당구장,35.1630199258929,126.80988313844
궁당구장,0.0,광주 광산구 금봉로 64,당구장,35.151620060296,126.805493925527
우정당구클럽,0.0,광주 광산구 월곡로 13,당구장,35.1690925098503,126.810606435447
궁당구장,0.0,광주 광산구 하남대로261번길 10,당구장,35.1801765500971,126.82261746983
퀸 당구클럽,0.0,광주 북구 서암대로 28,당구장,35.1725107525798,126.88781988932
신창당구클럽,0.0,광주 서구 염화로65번길 4-8,당구장,35.1408655428204,126.873272321402
대박당구장,0.0,광주 서구 내방로306번길 5,당구장,35.1570663867934,126.874108106825
비바체당구장,0.0,광주 북구 연양로 67 2층,당구장,35.2067575977978,126.874644365776
화성당구클럽,0.0,광주 서구 염화로 104,당구장,35.1426339817117,126.875853155117
오케이당구클럽,0.0,광주 북구 연양로 59,당구장,35.2066913527421,126.873953919438
MBC당구클럽,0.0,광주 북구 면앙로121번길 77,당구장,35.1804504733123,126.926562222826
구슬방당구장,0.0,광주 서구 상무버들로 38,당구장,35.1646483188141,126.859335327044
에스당구클럽,0.0,광주 서구 풍암1로21번길 3-14 한샘빌딩,당구장,35.1260764460787,126.878479110897
수마일당구장,0.0,광주 북구 하서로423번길 20,당구장,35.2131509845431,126.873614229988
까치당구클럽,0.0,광주 북구 안산로 37,당구장,35.1906102308537,126.901810231831
큐당구장,0.0,광주 동구 무등로 484,당구장,35.1548750320798,126.932878409103
시카고당구장,0.0,광주 서구 화정로309번길 1,당구장,35.1503903944002,126.889365825529
우리동네당구장,0.0,광주 동구 의재로 20,당구장,35.1328027399803,126.92983049064
빅박스당구클럽,0.0,광주 북구 일곡마을로 39,당구장,35.2052646420939,126.896959170693
부영당구클럽,0.0,광주 동구 서석로85번길 8-14,당구장,35.1501783222397,126.920802077329
구슬방당구장,0.0,광주 광산구 도산로9번길 22,당구장,35.1285849814422,126.790778782757
NH당구클럽,0.0,광주 광산구 풍영로 83,당구장,35.1794659348203,126.810889110833
케이당구장,0.0,광주 서구 운천로 90,당구장,35.1407492166791,126.858949707926
투데이당구클럽,0.0,광주 광산구 풍영로101번길 1,당구장,35.1809457130045,126.811714342369
로또당구장,0.0,광주 서구 상무중앙로38번길 11 충광빌딩,당구장,35.1504846220885,126.849934967032
현대당구장,0.0,광주 광산구 수등로243번길 12-7,당구장,35.1856878112443,126.835797182005
DS당구클럽,0.0,광주 북구 우치로241번길 42,당구장,35.1864706570732,126.902689930941
아지트당구클럽,0.0,광주 서구 경열로66번길 4-1,당구장,35.1506660212899,126.893172605611
보스당구클럽,0.0,광주 동구 구성로 158,당구장,35.1505267129293,126.9114479937
영당구장,0.0,광주 북구 우치로 232,당구장,35.1856613417795,126.905666800708
폭스당구클럽,0.0,광주 서구 상무민주로 105,당구장,35.1599943530968,126.859195606331
에이엠피엠당구장,0.0,광주 서구 화정로 108,당구장,35.1448919958363,126.869099918357
캠퍼스당구장,0.0,광주 광산구 임방울대로826번길 69 3층,당구장,35.2143944498604,126.848956487166
한큐당구클럽,0.0,광주 광산구 왕버들로265번길 7-7,당구장,35.1968117368603,126.837571126484
동양당구장,0.0,광주 광산구 목련로273번길 97,당구장,35.1784070394299,126.82449441203
예술당구클럽,0.0,광주 동구 남문로 682,당구장,35.1316394489495,126.929225509476
TOP 당구장,0.0,광주 광산구 첨단중앙로152번길 6-1,당구장,35.2188272149652,126.842739009887
유성당구장,0.0,광주 북구 용봉택지로 82,당구장,35.1782577659171,126.89553909363
여기당구장,0.0,광주 광산구 하남대로 149,당구장,35.1802859439729,126.809997299563
아방궁당구장,0.0,광주 광산구 어등대로653번길 33,당구장,35.1464602661332,126.791531395136
당당클럽당구장,0.0,광주 남구 봉선로19번길 30-2 삼일민속제과,당구장,35.1316119863392,126.90628874478
포커스당구클럽,0.0,광주 서구 시청로56번길 8,당구장,35.1532792040005,126.852731376864
아띠 당구클럽,0.0,광주 광산구 신창로72번길 10-21,당구장,35.191340312529,126.838290112113
당카당구장,0.0,광주 서구 상무민주로 111-1,당구장,35.1605289004498,126.859231454056
시티당구클럽,0.0,광주 동구 무등로321번길 20-24,당구장,35.163369184868,126.919574229353
히든당구클럽,0.0,광주 동구 필문대로 287,당구장,35.1458136771121,126.927148845362
씨씨당구클럽,0.0,광주 광산구 광산로 53,당구장,35.1401219030247,126.796946838639
깜보당구클럽,0.0,광주 서구 상무화원로 13,당구장,35.1448714269826,126.842083064969
스타당구클럽,0.0,광주 북구 문산로 41,당구장,35.1855643664233,126.922872466617
명품당구클럽,0.0,광주 남구 광복마을3길 9 3층 영광분식,당구장,35.1195586878555,126.896978455616
한큐당구클럽,0.0,광주 광산구 도산로9번길 40,당구장,35.1279248882474,126.790086310538
드림포스당구장,0.0,광주 서구 풍암신암로 34,당구장,35.1237332634642,126.882691449688
하남당구장,0.0,광주 광산구 광산로 30,당구장,35.1386325218412,126.795035557477
휴먼당구장,0.0,광주 남구 봉선1로 120-1,당구장,35.1274700141255,126.917938490124
그라운드당구장,0.0,광주 남구 효우2로26번길 13,당구장,35.1026377419459,126.888668873422
카이저당구장,0.0,광주 북구 설죽로214번길 107-4,당구장,35.1781289614788,126.903808996674
한게임당구클럽,0.0,광주 북구 유림로 140,당구장,35.1748669820134,126.864211483972
킹당구클럽,0.0,광주 동구 백서로 190-13,당구장,35.1448288517012,126.925521556656
거성당구장,0.0,광주 북구 안산로 40 3층,당구장,35.1909007106333,126.902222725777
명성당구장,4.33,광주 광산구 임방울대로 144 4층,당구장,35.1739731986084,126.817911789151
엠당구장,0.0,광주 남구 효덕로 307 나라공인중개사,당구장,35.1108096950841,126.896056763117
버들당구장,0.0,광주 북구 첨단연신로107번길 45-21,당구장,35.2069550635556,126.860687763634
월드컵당구장,0.0,광주 광산구 첨단내촌로 50-1,당구장,35.2112198491492,126.837438978989
대박당구장,0.0,광주 광산구 첨단중앙로182번길 24-12,당구장,35.2208427294016,126.84371862051
빛고을당구클럽,0.0,광주 북구 북문대로242번길 7,당구장,35.1879623683123,126.865947955778
구슬방당구장,0.0,광주 동구 필문대로 94,당구장,35.1617580415714,126.929007020839
미주당구클럽,0.0,광주 남구 효우2로26번길 13,당구장,35.1026377419459,126.888668873422
스마일 당구클럽,0.0,광주 남구 군분로 169 이지마트,당구장,35.1469394329752,126.886334218458
두리당구클럽,0.0,광주 북구 안산로 22 2층 딱조아당구장,당구장,35.1892755273681,126.902172299743
메가당구장,0.0,광주 서구 상무번영로 14,당구장,35.1510094895687,126.853251158679
홍당구장,0.0,광주 서구 화정로260번길 1,당구장,35.1478005593565,126.885246367303
빛고을당구장,0.0,광주 광산구 용아로 404,당구장,35.1792226963398,126.805112567596
빅박스당구장,0.0,광주 광산구 송정로30번길 16,당구장,35.1356794107764,126.793506488038
OK당구장,0.0,광주 북구 월동로 24,당구장,35.1737983214515,126.935163541294
하프로당구클럽,0.0,광주 남구 대남대로339번길 6,당구장,35.1418283425572,126.892546386389
에이스당구장,0.0,광주 남구 백운로 57 도울마트,당구장,35.1382088880001,126.906180455295
빈폴당구장,0.0,광주 북구 저불로69번길 14,당구장,35.1808298472032,126.893950065076
대박당구장,0.0,광주 남구 봉선2로 81 1층 106호(봉선동),당구장,35.1261225156911,126.915247624209
오가당구클럽,0.0,광주 광산구 수등로243번길 20-16,당구장,35.1858244163462,126.836366836736
스타당구장,0.0,광주 서구 회재로 1054 7층 703호,당구장,35.1270179229532,126.87839147805
빅박스당구장,0.0,광주 광산구 첨단중앙로152번길 31-7,당구장,35.219627884867,126.843714249213
모아당구장,0.0,광주 광산구 왕버들로265번길 5-8,당구장,35.1966571790926,126.837522021256
밀당당구클럽,0.0,광주 남구 월산로151번길 6,당구장,35.1512084147712,126.895080808635
1박2일당구장,0.0,광주 광산구 월계로 223-16,당구장,35.2149420080006,126.850179869678
어울림당구장,0.0,광주 광산구 도산로9번길 12,당구장,35.1288565815753,126.790999164328
여우당당구클럽,0.0,광주 광산구 첨단중앙로124번길 62,당구장,35.2163342307166,126.845727649604
프린스당구클럽,0.0,광주 광산구 신창로 2,당구장,35.1853975209798,126.837293232973
로또당구클럽,0.0,광주 광산구 임방울대로800번길 78,당구장,35.2140040489974,126.845719098221
369당구장,0.0,광주 광산구 광산로 62 2층,당구장,35.1403381875195,126.797946277086
솔루스당구장,0.0,광주 동구 지호로 37,당구장,35.1480054293378,126.933091570802
아방궁당구클럽,0.0,광주 동구 중앙로 150,당구장,35.1475209618834,126.912588929498
롤링볼당구장,0.0,광주 북구 호동로 13,당구장,35.1750977526531,126.913818679939
홍길동당구클럽,0.0,광주 북구 매곡로 70,당구장,35.1912675505624,126.893243011816
스피드당구장,0.0,광주 광산구 신창로 50,당구장,35.1897412599242,126.837242851259
고고당구장,0.0,광주 동구 구성로 220,당구장,35.1545321791782,126.916006506358
한큐당구타운,0.0,광주 북구 동문대로 119,당구장,35.1738362841489,126.925475571935
W당구장,0.0,광주 서구 상무대로 1062,당구장,35.1520007045203,126.878123631313
세븐당구클럽,0.0,광주 남구 군분로 26-1,당구장,35.1361849975424,126.895007368337
ABC당구장,0.0,광주 동구 필문대로191번길 3-1,당구장,35.1535987071967,126.932072036354
푸른당구장,0.0,광주 동구 필문대로287번길 29,당구장,35.1447184334101,126.929900811844
비바체당구클럽,0.0,광주 서구 염화로65번길 4-10,당구장,35.1409670004622,126.873324396421
풍암골당구장,0.0,광주 동구 지산로 49,당구장,35.148211565421,126.932432404735
로또당구장,0.0,광주 서구 운천로 131 금호베어스타운,당구장,35.1446661018787,126.856585918323
다모아당구클럽,0.0,광주 광산구 사암로216번길 28-11,당구장,35.1628430185327,126.810131609763
넘버원당구장,0.0,광주 동구 중앙로 359,당구장,35.1637225264835,126.919452045405
메이저당구클럽,0.0,광주 남구 군분로 76,당구장,35.1399956044386,126.892141804902
비젼당구장,0.0,광주 서구 염화로83번길 4-24,당구장,35.1430994680761,126.873954809363
월드컵당구장,0.0,광주 북구 우치로 62,당구장,35.1729145757254,126.912561429954
노리터당구클럽,0.0,광주 남구 양림로 39 2층,당구장,35.1369857935641,126.913398012064
폼당구장,0.0,광주 서구 풍금로12번길 3-3,당구장,35.1213605368828,126.865938785109
챌린저당구클럽,0.0,광주 북구 호동로63번길 74,당구장,35.1770421410335,126.913792366455
XONE당구클럽,0.0,광주 서구 상일로 54,당구장,35.1604199603307,126.86343514407
칼라당구장,0.0,광주 광산구 송도로 264,당구장,35.1367839026093,126.799007220764
공원당구클럽,0.0,광주 서구 풍금로 4,당구장,35.1206925873096,126.866230376804
푸른당구클럽,0.0,광주 북구 서하로 366,당구장,35.1861038910729,126.920187863321
탑당구장,0.0,광주 광산구 수등로 243,당구장,35.1853268348522,126.835609726024
NO.1당구장,0.0,광주 서구 시청로60번길 20,당구장,35.153751623644,126.85386214528
미래당구장,0.0,광주 서구 쌍학로 2,당구장,35.146170228653,126.865409007806
딱조아당구장,0.0,광주 북구 군왕로203번길 1,당구장,35.1789353736161,126.935066805787
에이스당구장,0.0,광주 광산구 월계로118번길 6,당구장,35.2132821646685,126.83826550326
삑사리당구클럽,0.0,광주 동구 제봉로222번길 1,당구장,35.1551503996826,126.913666424179
나이스당구클럽,0.0,광주 서구 염화로 100,당구장,35.1425780587766,126.875464233656
구슬방당구장,0.0,광주 광산구 남동길30번길 35,당구장,35.1291766055299,126.790135762063
해피당구장,0.0,광주 서구 상무버들로 36,당구장,35.1646487395271,126.859542559673
풀덤 충장점,4.47,광주 동구 금남로 248 천하빌딩,만화방,35.1527778084776,126.913749594914
풀덤상무점,4.47,광주 서구 운천로 253 3층,만화방,35.1549681263917,126.854409490311
풀덤 운암점,4.51,광주 북구 대자실로 30 엘투빌딩 2층,만화방,35.1795668051488,126.874028412799
벌툰전남대점,4.41,광주 북구 면앙로6번길 76,만화방,35.1769596825217,126.913309091974
놀숲 광주첨단점,4.67,광주 광산구 임방울대로826번길 47 시너지빌딩 3층,만화방,35.2153064772063,126.84920631205
풀덤 일곡점,4.58,광주 북구 설죽로 511 국민은행 2층,만화방,35.2046792983022,126.897590151679
풀덤 봉선점,4.41,광주 남구 봉선중앙로 51 2층 풀덤,만화방,35.1254035168964,126.911122145103
북앤빅뱅충장로점,4.32,광주 동구 충장로 72,만화방,35.1486983199757,126.914868110868
툰박스,0.0,광주 광산구 용아로379번길 39 3층,만화방,35.1764904360993,126.802176566005
풀덤 첨단점,4.52,광주 광산구 첨단중앙로 104,만화방,35.2146214730841,126.843331859624
카툰스토리,4.57,광주 남구 서문대로 689-6,만화방,35.1210231115574,126.898230319859
더툰만화카페,0.0,광주 서구 무진대로 904,만화방,35.1605756425809,126.879873116288
카툰스토리 만화카페,4.52,광주 광산구 장신로 76 5층,만화방,35.1904857623632,126.818341598506
놀숲 광주수완점,4.45,광주 광산구 임방울대로332번길 9-4,만화방,35.1900245538804,126.824650050853
놀숲 광주점,4.5,광주 남구 봉선2로 36,만화방,35.1254129726889,126.910376101186
봄뜰,4.17,광주 서구 회재로 859,만화방,35.1205461264762,126.858770727766
만화나라,0.0,광주 동구 중앙로160번길 6,만화방,35.1479119657787,126.913711600996
온탑,0.0,광주 광산구 신창로 80,만화방,35.192324861173,126.837347828911
떼굴떼굴,0.0,광주 광산구 임방울대로 356,만화방,35.191664034114,126.824406835672
북툰 광주신창점,0.0,광주 광산구 신창로162번길 3,만화방,35.1987866644664,126.841358690487
넘버원만화방,0.0,광주 서구 죽봉대로119번길 1,만화방,35.164129715442,126.883301379592
만화카페봄뜰,0.0,광주 서구 회재로 859,만화방,35.1205461264762,126.858770727766
어등만화카페,0.0,광주 광산구 무진대로231번길 30-8,만화방,35.1633117031194,126.806585332691
오리지날만화세상,0.0,광주 광산구 신가번영로34번길 6,만화방,35.1811778546458,126.82627916867
만화뱅크,0.0,광주 북구 북문대로 96,만화방,35.1786579930266,126.876857806499
카툰만화방,0.0,광주 북구 서양로 21-1,만화방,35.1710706673008,126.903988774194
만화박사,0.0,광주 광산구 사암로215번길 51,만화방,35.1636797644468,126.805482560355
북킹만화방,0.0,광주 북구 서방로 1-8,만화방,35.1740010327688,126.913385343635
판타지만화,0.0,광주 동구 서암대로 328,만화방,35.164556466685,126.91932126334
풀덤 수완점,4.26,광주 광산구 수완로49번길 26 만화카페 풀덤,북카페,35.1897454771447,126.827272166218
풀덤 전대점,4.51,광주 북구 호동로43번길 60,북카페,35.1761129306312,126.91353712346
북앤빅뱅 광주점,0.0,광주 동구 필문대로 271,북카페,35.1470371758307,126.928038403733
콩툰 광주 첨단2지구점,4.45,광주 북구 첨단연신로91번길 30,북카페,35.2064958152231,126.861228861001
염주동 만화나라,0.0,광주 서구 염화로 95,"만화,도서",35.1428147452216,126.875015718947
클럽300볼링센터,4.44,광주 광산구 풍영로 83,볼링장,35.1794659348203,126.810889110833
클럽300볼링센터 첨단점,4.35,광주 광산구 월계로 217 쌍암동 첨단프라자 지하1층,볼링장,35.2136839201365,126.849322107296
스플릿볼링장,4.39,광주 동구 백서로125번길 35,볼링장,35.1446315754252,126.917235084929
쿵스게임랜드  광주점,4.42,광주 동구 충장로 90 갤러리존 지하,볼링장,35.147761465921,126.916582579709
피터팬볼링장,3.3,광주 동구 충장로 102-12,볼링장,35.1470554517517,126.917404264143
평화볼링센터,0.0,광주 북구 우치로27번길 33,볼링장,35.1703106043407,126.909199623578
광주탑볼링장,4.49,광주 광산구 임방울대로 507,볼링장,35.204930502121,126.819443302387
ABC볼링센터,4.44,광주 서구 상무대로 908,볼링장,35.1505705084853,126.861190535889
클럽300볼링센터 상무점,4.18,광주 서구 시청로 67 프리미엄아울렛3층,볼링장,35.1542923891514,126.851008569159
JK볼링장,4.29,"광주 남구 군분로119번길 6-3 1층,2층",볼링장,35.1430990555777,126.888525469586
킹핀,0.0,광주 서구 상무연하로 50 에코노블빌딩,볼링장,35.1527238875552,126.850532271385
수완볼링장,4.19,광주 광산구 장신로 81,볼링장,35.191930678569,126.818252518716
제일볼링센터,4.12,광주 북구 서방로 83,볼링장,35.1718713620011,126.922236530331
K1볼링운암점,4.44,광주 북구 서강로 104-3,볼링장,35.1803335461787,126.873382575046
더원볼링장,4.28,광주 광산구 송정로29번길 38,볼링장,35.1368855687192,126.796303540934
훼미리볼링센타,4.42,광주 광산구 우산로 55-10,볼링장,35.1583223067715,126.80708127179
미즈볼링장,0.0,광주 동구 중앙로 239 미즈프라자,볼링장,35.1536745562712,126.919219295019
뉴텐핀볼링센터,4.67,광주 북구 설죽로320번길 17,볼링장,35.1881150500733,126.900973411322
지산볼링장,4.4,광주 동구 필문대로273번길 29,볼링장,35.145821290258,126.930755824384
퍼니스볼링장,4.34,광주 서구 천변좌하로 192,볼링장,35.1558599454676,126.837814447315
핀액션볼링라운지,4.28,광주 북구 문산로 43-2 지하2층,볼링장,35.1861001785992,126.923087263147
첨단스포츠센타 볼링장,4.55,광주 광산구 첨단중앙로170번길 92,볼링장,35.2204495812902,126.847051763877
저스트볼,4.72,광주 북구 설죽로 333 4층,볼링장,35.1890876718232,126.898648611363
K1볼링장,4.72,광주 북구 우치로257번길 17 1층 K1볼링장,볼링장,35.187687783537,126.903285761811
레드핀 볼링센터,4.29,광주 서구 마륵로 46,볼링장,35.1438513739202,126.83712477272
미금볼링장,0.0,광주 남구 봉선중앙로47번길 10,볼링장,35.1251786161103,126.910495613243
하남볼링센타,4.23,광주 광산구 산정공원로 101,볼링장,35.1766720054573,126.806270132378
볼러스레인,4.41,광주 북구 상촌로 8,볼링장,35.211633303654,126.875629814441
금호볼링장,4.31,광주 서구 운천로 46 금호볼링장,볼링장,35.1368439966775,126.859355078774
클럽300볼링장 진월점,0.0,광주 남구 서문대로 706,볼링장,35.122653851792,126.898973751466
K1볼링장,4.51,광주 남구 봉선동 156 지하1층,볼링장,35.1262616916916,126.91525526958
락투데이 볼링장,4.45,광주 북구 문화소통로 170,볼링장,35.1825084538785,126.912088621192
웰컴볼링,4.0,광주 광산구 풍영철길로 15 콜럼버스월드,볼링장,35.1628952489774,126.811659800292
시티스포츠센터 볼링장,4.52,광주 서구 죽봉대로 52 교원공제회관,볼링장,35.158324821946,126.883621594001
함이볼링센타,0.0,광주 북구 문화소통로 170 하미스포렉스,볼링장,35.1825084538785,126.912088621192
현대볼링장,0.0,광주 동구 남문로 686,볼링장,35.1322192578354,126.929469025005
에이비씨볼링센터,0.0,광주 서구 상무대로 908,볼링장,35.1505705084853,126.861190535889
씨티볼링장,0.0,광주 서구 죽봉대로 52,볼링장,35.158324821946,126.883621594001
광주대볼링장,4.62,광주 남구 효덕로 291 금호타운상가 4층,볼링장,35.1101126636302,126.895736365288
케이원킹핀볼링,4.22,광주 서구 상무연하로 50,볼링장,35.1527238875552,126.850532271385
미즈레포츠센터,0.0,광주 동구 중앙로 239,볼링장,35.1536745562712,126.919219295019
수완PC방,0.0,광주 광산구 장신로 81 빛고을 빌딩 1층 수완PC방,PC방,35.191930678569,126.818252518716
중앙스크린골프존,0.0,광주 북구 설죽로 325,스크린골프장,35.1886452447633,126.898706034931
톡스크린골프&당구클럽,0.0,광주 북구 임방울대로 1053 약산흑염소 3층,스크린골프장,35.2122494513812,126.872580503189
골프존파크 용두신비로점,0.0,광주 북구 하서로523번길 115,스크린골프장,35.2246411713224,126.867750729869
골프존파크 오션스크린점,0.0,광주 광산구 월계로 203,스크린골프장,35.2138557974932,126.847800649671
싱글로드스크린골프연습장,0.0,광주 서구 회재로 821 싱크로드 스크린골프,스크린골프장,35.1183163258026,126.85578126784
부경스크린골프,0.0,광주 광산구 하남대로 92,스크린골프장,35.1799637067992,126.80366549372
나이스실내골프연습장,0.0,광주 북구 매곡로 36-1,스크린골프장,35.1882837410245,126.894517355424
J&J골프존,0.0,광주 광산구 용아로 385,스크린골프장,35.1777201192257,126.804207058331
장흥스크린,0.0,광주 북구 첨단연신로29번길 9,스크린골프장,35.2002241750704,126.862545185344
비젼골프존,0.0,광주 동구 갈마로 56,스크린골프장,35.1615534968335,126.936597387368
모아스크린SG골프아카데미,0.0,광주 서구 금화로 240,스크린골프장,35.1336460778946,126.874829928048
VIP스크린실내골프,0.0,광주 북구 동문대로248번길 39 각화동종합상가(주),스크린골프장,35.1834350339383,126.937115947674
두암골프존,4.35,광주 북구 갈마로 55,스크린골프장,35.1620255302906,126.936581435145
OK 스크린 골프존,4.61,광주 북구 임방울대로 1034,스크린골프장,35.21223124528,126.87020562278
골프존파크 운암 로데오점,0.0,광주 북구 북문대로 117,스크린골프장,35.1796737888301,126.874542474338
한듬스크린골프,0.0,광주 광산구 왕버들로 217,스크린골프장,35.1985646642434,126.833899138003
노블스크린골프,0.0,광주 북구 하남대로 697,스크린골프장,35.1721072758655,126.868937758399
US골프아카데미,0.0,광주 광산구 첨단중앙로152번길 20,스크린골프장,35.2188246537942,126.843335865221
필드로스크린골프연습장,0.0,광주 광산구 풍영로 83 우석빌딩,스크린골프장,35.1794659348203,126.810889110833
첨단 케이골프스크린,0.0,광주 광산구 앰코로 35 폭스존 3층 309호,스크린골프장,35.2215326011543,126.85239146838
비엠스크린골프,0.0,광주 남구 서문대로 700 광동빌딩,스크린골프장,35.1218220134326,126.89901120091
티업비전 영스크린골프,0.0,광주 서구 시청로16번길 9 3층,스크린골프장,35.1499676464011,126.85276313328
굿모닝티업스크린,0.0,광주 북구 북문대로 184,스크린골프장,35.1848562930261,126.871005290896
프라임골프존,0.0,광주 북구 첨단연신로91번길 10,스크린골프장,35.2065518542561,126.863266801363
티업사랑스크린골프,0.0,광주 광산구 임방울대로 611-5,스크린골프장,35.2122301183188,126.826929449636
골프존파크 수완스크린점,0.0,광주 광산구 임방울대로 330,스크린골프장,35.1893537292302,126.824065068523
캘러웨이스크린골프연습장,0.0,광주 광산구 첨단강변로99번길 34,스크린골프장,35.2157815002961,126.850816232647
상무스크린골프,0.0,광주 서구 상무대로 752,스크린골프장,35.14514070675,126.846039119735
첨단스크린골프연습장,0.0,광주 북구 일곡마을로 183,스크린골프장,35.2105368789076,126.894090684793
SG백양스크린골프,0.0,광주 광산구 월계로 217,스크린골프장,35.2136839201365,126.849322107296
퍼스트스크린골프,0.0,광주 서구 상무공원로 51,스크린골프장,35.1489295963386,126.842756395819
휴먼스크린골프아카데미,0.0,광주 서구 상무중앙로 103 휴먼빌딩,스크린골프장,35.1563516093891,126.847797524405
에스지골프하남점,0.0,광주 광산구 용아로379번길 40,스크린골프장,35.1770142900855,126.802168161219
펀앤골프 수완수영점,0.0,광주 광산구 장신로 85 수영빌딩 7층,스크린골프장,35.19118695852,126.819448788431
황금알스크린골프장,0.0,광주 광산구 장신로 261 드림프라자,스크린골프장,35.1909533362174,126.838744457536
소호스크린골프,0.0,광주 서구 풍암1로21번길 9-22,스크린골프장,35.1266828088092,126.879125294505
상무스크린골프,0.0,광주 서구 상무누리로 90 상무신도심골프연습장,스크린골프장,35.1507091365622,126.83937788473
방수원골프아카데미,0.0,광주 북구 서강로54번길 22 코아빌딩,스크린골프장,35.1759590875069,126.873385625711
썬스크린,0.0,광주 북구 설죽로404번길 11,스크린골프장,35.1953570283707,126.90058942077
미르골프존,0.0,광주 광산구 첨단중앙로152번길 20,스크린골프장,35.2188246537942,126.843335865221
기준스크린골프장,0.0,광주 광산구 북문대로 595,스크린골프장,35.2053609617909,126.835492927822
이지골프아카데미,0.0,광주 서구 풍암2로 12 6층 601호,실내골프연습장,35.126564085763,126.879746112605
레전드히어로즈 광주상무점,0.0,광주 서구 운천로 247 스타타워 3층,스크린야구장,35.1546181251865,126.854406711581
리얼야구존 충장점,0.0,광주 동구 백서로125번길 35,스크린야구장,35.1446315754252,126.917235084929
레전드야구존 수완점,4.4,광주 광산구 수완로73번길 7,스크린야구장,35.1914118202417,126.828103114708
다함께야구왕 상무점,3.81,광주 서구 상무연하로 48 죽암빌딩 6층,스크린야구장,35.1524924222907,126.850535438359
리얼야구존 광주전대점,0.0,광주 북구 우치로100번길 24,스크린야구장,35.1762737193435,126.913644756311
레전드스크린야구 용봉점,4.68,광주 북구 용봉택지로 93,스크린야구장,35.1786138866999,126.896689156007
리얼야구존 광주수완점,0.0,광주 광산구 장신로 144,스크린야구장,35.1904184017367,126.825869170416
리얼야구존 광주우산점,0.0,광주 광산구 풍영철길로 20-6,스크린야구장,35.1628024548405,126.812852565953
레전드야구존 첨단점,4.7,광주 광산구 첨단중앙로106번길 65-6,스크린야구장,35.2153245276161,126.84706917573
리얼야구존 상무지구점,0.0,광주 서구 상무연하로 58 6층,스크린야구장,35.1532728775313,126.85050942751
레전드야구존 상무점,3.94,광주 서구 운천로 247 2층 스타타워,스크린야구장,35.1546181251865,126.854406711581
스트라이크존 광주 용봉구장,4.49,광주 북구 용봉택지로 53 2층,스크린야구장,35.1788323538669,126.892419216992
스트라이크존 광주 봉선구장,0.0,광주 남구 봉선중앙로 51,스크린야구장,35.1254035168964,126.911122145103
리얼야구존 풍암동점,0.0,광주 서구 회재로 1054 유수빌딩 5층,스크린야구장,35.1270179229532,126.87839147805
레전드스크린야구 금호점,0.0,광주 서구 운천로 15 2층,스크린야구장,35.1339948081943,126.858905289408
레전드야구존 광주충장로점,0.0,광주 동구 중앙로160번길 13 지하2층,스크린야구장,35.1476930389561,126.914621802198
레전드야구존 신창점,0.0,광주 광산구 장신로 261,스크린야구장,35.1909533362174,126.838744457536
다함께야구왕 광주첨단점,0.0,광주 광산구 임방울대로800번길 27 4층,스크린야구장,35.2160732278835,126.846245784413
다함께야구왕 광주용봉점,0.0,광주 북구 저불로 36 2층,스크린야구장,35.1775704184447,126.895465870883
메이저스크린야구존,0.0,광주 광산구 쌍암동,스크린야구장,35.2189399211653,126.848205901712
스크린야구 용봉점,0.0,광주 북구 용봉택지로 67 스크린야구 3층,스크린야구장,35.178733782861,126.893789321523
광주자동차극장,4.33,광주 북구 우치로 649 정문주차장,영화관,35.2215344986691,126.901972468742
메가박스 광주하남,4.39,광주 광산구 풍영철길로 15 콜럼버스웨팅홀,영화관,35.1628952489774,126.811659800292
CGV 광주터미널,4.37,광주 서구 무진대로 904 광천터미널,영화관,35.1605756425809,126.879873116288
메가박스콜럼버스상무,4.39,광주 서구 시청로60번길 21-6,영화관,35.1542187273236,126.854402155131
CGV 광주금남로,4.47,광주 동구 중앙로160번길 16-7,영화관,35.1468210821764,126.914650257505
CGV 광주용봉,4.27,광주 북구 문화소통로 170 하미스포렉스,영화관,35.1825084538785,126.912088621192
광주극장,4.56,광주 동구 충장로5가 62-2,영화관,35.150478574798,126.912432673188
메가박스 첨단,4.4,광주 광산구 앰코로 35,영화관,35.2215326011543,126.85239146838
CGV 광주충장로,4.44,광주 동구 중앙로 163 NC웨이브 11층,영화관,35.148781548864,126.91313695091
롯데시네마 충장로,4.38,광주 동구 충장로안길 12,영화관,35.1480549555244,126.914522437623
메가박스 전대,4.35,광주 북구 우치로 60,영화관,35.1726364128528,126.91255590973
롯데시네마 수완,4.29,광주 광산구 장신로 98,영화관,35.1898120633315,126.82013498805
CGV광주상무,4.41,광주 서구 시청로 67 프리미엄아울렛 6층,영화관,35.1542923891514,126.851008569159
롯데시네마광주광산,4.34,광주 광산구 무진대로 272-8 3층,영화관,35.1601632685044,126.809663465924
광주상무메가박스,4.4,광주 서구 시청로60번길 21-6,영화관,35.1542187273236,126.854402155131
CGV 광주하남,4.34,광주 광산구 용아로400번길 30 TERRACE56 PICNICMALL 2층,영화관,35.1779756891641,126.806472769389
롯데시네마 광주,4.36,광주 동구 독립로 268 롯데백화점광주점 9F,영화관,35.154557861373,126.912183340651
CGV첨단,4.33,광주 광산구 임방울대로826번길 29-31,영화관,35.2164097365237,126.850666039766
CGV광주터미널 2층매점,4.36,광주 서구 무진대로 932 2층,영화관,35.1596771668701,126.882630869031
광주독립영화관,0.0,광주 동구 제봉로 96 광주영상복합문화관 6층 광주독립영화관,영화관,35.1469227478238,126.922273768119
CGV 광주첨단,4.43,광주 광산구 임방울대로826번길 29-31 2층,영화관,35.2164097365237,126.850666039766
슈퍼라이터광주점,0.0,광주 광산구 임방울대로 261,영화관,35.1850279996827,126.818659511821
제일극장,0.0,광주 동구 충장로안길 12,영화관,35.1480549555244,126.914522437623
제일시네마,0.0,광주 동구 충장로안길 12,영화관,35.1480549555244,126.914522437623
시네마컬처클럽,0.0,광주 서구 월드컵4강로28번길 30,영화관,35.1402105296109,126.8793726044
유한회사청보개발롯데시네마충장,4.27,광주 동구 충장로안길 12 (황금동 12-2번지),영화관,35.1480549555244,126.914522437623
아이비클럽광주,0.0,광주 서구 내방로161번길 11,영화관,35.1598988634944,126.858468740207
씨네일일,4.31,광주 광산구 앰코로 35,영화관,35.2215326011543,126.85239146838
씨네씨티,0.0,광주 동구 중앙로160번길 16-7,영화관,35.1468210821764,126.914650257505
동계극장,0.0,광주 동구 밤실로4번길 16 지산복지회관,영화관,35.148472640128,126.93842869993
디지털영화관,0.0,광주 광산구 첨단중앙로182번길 24,DVD방,35.2216837633929,126.844126382428
멀티영화관,0.0,광주 서구 시청로50번길 17 송광빌딩,DVD방,35.1530971224153,126.853842243982
콜롬버스영화관비디오감상실,0.0,광주 북구 우치로100번길 10-4,DVD방,35.1761982998369,126.912922929229
조이DVD디지털영화관,0.0,광주 동구 충장로 100-1,DVD방,35.1471593065476,126.917695628688
탑DVD영화관,0.0,광주 남구 효덕로 284 3층,DVD방,35.1088826170224,126.89716498134
스타맥스디지털DVD영화관,0.0,광주 동구 충장로안길 14,DVD방,35.1480137434747,126.914878371293
컬트클럽DVD영화관,0.0,광주 북구 호동로 13-5,DVD방,35.1752289169777,126.913589325642
오프마21디지털영화관,0.0,광주 광산구 사암로 210,DVD방,35.163075598308,126.80871789353
에이스영화관,0.0,광주 북구 호동로15번길 14,DVD방,35.1758318753142,126.914535966539
아이리스 PC POP 치평점,4.31,광주 서구 치평로 20 나동 4층,PC방,35.149115222787,126.847653299677
블루오션pc방,0.0,광주 서구 상무대로 981,PC방,35.1518515551728,126.869242856999
PCGROUND,3.98,광주 서구 무진대로 904 2층,PC방,35.1605756425809,126.879873116288
첨단 미스터K PC방,0.0,광주 광산구 첨단중앙로170번길 64 2층 미스터 K pc방,PC방,35.2204560879368,126.84536221598
그레이드pc클럽,0.0,광주 동구 중앙로160번길 35,PC방,35.1462117168075,126.916395629928
아이리스PC카페 상무점,4.49,광주 서구 상무중앙로 103 휴먼빌딩,PC방,35.1563516093891,126.847797524405
아이리스,4.64,광주 광산구 신창로 121,PC방,35.1961821828052,126.838072874474
아이리스PC POP 송정점,4.36,광주 광산구 상무대로 224 지산빌딩 3층,PC방,35.1389421057692,126.792789730619
아이리스 PC 봉선점,4.76,광주 남구 봉선로 90,PC방,35.1255327430709,126.905946937396
아이템pc카페,0.0,광주 남구 봉선2로 41,PC방,35.1258899796219,126.910871693904
아이리스PC방,0.0,광주 서구 월드컵4강로42번길 62,PC방,35.1419173905441,126.882535223096
이스퀘어PC,0.0,광주 서구 상무대로 1083 3층,PC방,35.1529197129573,126.880275071854
아이센스리그PC 광주용봉점,0.0,광주 북구 용봉택지로 42 2층 아이센스리그PC방 광주용봉점,PC방,35.1784153940059,126.890915972833
라이또PC방 광주충장점,4.43,광주 동구 충장로안길 7-1 3층,PC방,35.1484963691344,126.91480269559
아이리스 pc pop,4.59,광주 광산구 용아로379번길 54 2층 아이리스 pc pop,PC방,35.1768712267716,126.801275998495
아이리스PC카페 장덕점,4.41,광주 광산구 장신로50번길 4,PC방,35.1905613002876,126.815423543509
조이온PC,0.0,광주 광산구 송도로 173,PC방,35.1303288645484,126.793416422853
큐브PCcafe,0.0,광주 광산구 광산로 13-1,PC방,35.1382579597976,126.793468485115
제너스PC 광주상무점,0.0,광주 서구 치평로 116 지하1층,PC방,35.157715638966,126.847656474155
아이센스리그PC 광주금호점,0.0,광주 서구 운천로 15 3층,PC방,35.1339948081943,126.858905289408
아이리스 pc방,0.0,광주 북구 대천로 140-6,PC방,35.1863680576575,126.921396642276
레포스카페앤피씨,0.0,광주 광산구 송정로16번길 38,PC방,35.1352910174923,126.791717543031
블랑PC방 신가점,0.0,광주 광산구 하남대로 213,PC방,35.1797958320655,126.817052152778
블랑PC방,4.17,광주 광산구 수완로 59,PC방,35.1903792852108,126.828460266243
아이비스PC방 충장점,4.51,광주 동구 중앙로160번길 13 파레스호텔 2층,PC방,35.1476930389561,126.914621802198
아프리카TV 오픈스튜디오 광주서구점,0.0,광주 서구 상무중앙로 34,PC방,35.1499576050283,126.848853752158
ICON PC,0.0,광주 북구 우치로110번길 9 지하1층,PC방,35.1774381053719,126.913033473652
욜로PC 방 광주본점,0.0,광주 광산구 첨단중앙로 110 4층,PC방,35.2151741711657,126.84318494165
스타덤PC방 광주장덕점,0.0,광주 광산구 풍영로 219 5층,PC방,35.1911890685654,126.813935005725
스타피씨존,0.0,광주 남구 대남대로 173 3층,PC방,35.1334056336052,126.906203740249
아이센스리그PC 광주풍암2호점,0.0,광주 서구 풍암신흥로 22 3층,PC방,35.1199643950587,126.865922422831
아이리스PC POP 진월점,4.52,광주 남구 서문대로 665,PC방,35.1190261052005,126.898622465843
아이센스리그PC 광주수완점,0.0,광주 광산구 장신로147번길 5-18 201호,PC방,35.1916620527008,126.824843623084
아이리스 학동점,0.0,광주 동구 남문로 687 (학동 868-20번지),PC방,35.1318515736271,126.928515221443
아이리스PCPOP,0.0,광주 북구 서하로 185,PC방,35.1874548932466,126.900747816694
애플트리PC,0.0,광주 광산구 수등로 253,PC방,35.1853841277982,126.836651090564
아이리스PC팝,0.0,광주 동구 서석로 41-1,PC방,35.14676097592,126.91793328648
아이리스 PC POP,0.0,광주 서구 풍금로 153 2층 아이리스PC POP,PC방,35.1303726114237,126.858458624136
LC PC,0.0,광주 광산구 첨단중앙로 96,PC방,35.2138342256441,126.843465057781
아이맥스PC방,0.0,광주 광산구 소촌로152번길 30,PC방,35.1574779528263,126.795188161001
아이리스 PC POP 치평점,0.0,광주 북구 서하로 198 2층 아이센스리그PC방,PC방,35.1870562168664,126.902067910841
블루오션pc방,0.0,광주 북구 설죽로202번길 80 2층,PC방,35.1771634544115,126.901819377961
PCGROUND,0.0,광주 서구 화정로243번길 4,PC방,35.1475380179121,126.883665594945
첨단 미스터K PC방,0.0,광주 북구 송해로 63,PC방,35.2039911589394,126.899579021756
그레이드pc클럽,4.47,광주 북구 경열로234번길 1,PC방,35.1601594897418,126.907392992839
아이리스PC카페 상무점,4.54,광주 광산구 월계로 117-32,PC방,35.2158782423141,126.840925215478
아이리스,0.0,광주 북구 북문대로 117 로데오빌딩 5층,PC방,35.1796737888301,126.874542474338
아이리스PC POP 송정점,0.0,광주 남구 서문대로 662 4층 401호 아이센스리그pc방,PC방,35.1184001919882,126.899156609509
아이리스 PC 봉선점,0.0,광주 서구 월드컵4강로 233,PC방,35.1467183486091,126.873873619402
아이템pc카페,0.0,광주 서구 상무대로 817,PC방,35.148587444198,126.851769712106
아이리스PC방,0.0,광주 서구 월산로 167,PC방,35.1525144786505,126.894864466577
이스퀘어PC,4.44,광주 북구 하서로 424 월계수타워 3층,PC방,35.212639881358,126.875054757466
아이센스리그PC 광주용봉점,0.0,광주 광산구 내상로 36,PC방,35.1385662907242,126.796651911355
라이또PC방 광주충장점,0.0,광주 북구 안산로 5,PC방,35.1877976972645,126.902322952458
아이리스 pc pop,0.0,광주 광산구 수완로73번길 3,PC방,35.1916287901724,126.828494532658
아이리스PC카페 장덕점,4.11,광주 남구 효천2로가길 17 에코시티빌딩 4층,PC방,35.101429781883,126.874946206455
조이온PC,4.23,광주 남구 서문대로 700 2층,PC방,35.1218220134326,126.89901120091
큐브PCcafe,0.0,광주 남구 봉선로 205 2층,PC방,35.1228091576923,126.917686449713
제너스PC 광주상무점,0.0,광주 서구 운천로 7 3층,PC방,35.1334362975892,126.859037589563
아이센스리그PC 광주금호점,0.0,광주 서구 풍암순환로 149,PC방,35.1238460171723,126.883525403245
아이리스 pc방,0.0,광주 북구 첨단연신로107번길 45-21,PC방,35.2069550635556,126.860687763634
레포스카페앤피씨,0.0,광주 광산구 사암로 303,PC방,35.1714313965668,126.809028850926
블랑PC방 신가점,0.0,광주 서구 화정로 119 2층 아이센스리그PC방,PC방,35.1453302897052,126.870574966495
블랑PC방,3.91,광주 광산구 사암로216번길 38-6 3층 아이센스리그PC방,PC방,35.1630268084077,126.81036376653
아이비스PC방 충장점,0.0,광주 동구 남문로 750,PC방,35.1369490977886,126.925594569477
아프리카TV 오픈스튜디오 광주서구점,0.0,광주 광산구 풍영로200번길 63 3층,PC방,35.1898800202302,126.817720066789
ICON PC,0.0,광주 서구 내방로 52 현대아파트,PC방,35.15795130274,126.844923918285
욜로PC 방 광주본점,0.0,광주 광산구 무진대로232번길 28,PC방,35.1603106344711,126.80557268003
스타덤PC방 광주장덕점,0.0,광주 북구 서하로 120,PC방,35.186394583127,126.89337608604
스타피씨존,0.0,광주 동구 무등로 484,PC방,35.1548750320798,126.932878409103
아이센스리그PC 광주풍암2호점,4.63,광주 북구 우치로 128,PC방,35.1788303577851,126.912306986784
아이리스PC POP 진월점,0.0,광주 남구 봉선1로 118-1 1층,PC방,35.1272602342759,126.917890646122
아이센스리그PC 광주수완점,0.0,광주 광산구 용아로379번길 55,PC방,35.1763625502096,126.80136044894
아이리스 학동점,0.0,광주 북구 대자로 86,PC방,35.1730737801643,126.881887984176
아이리스PCPOP,0.0,광주 광산구 목련로273번길 99,PC방,35.1785760575253,126.824504038908
애플트리PC,4.33,광주 북구 서하로 369,PC방,35.1862772032295,126.920984458622
아이리스PC팝,0.0,광주 북구 매곡로 70 지하1층,PC방,35.1912675505624,126.893243011816
아이리스 PC POP,0.0,광주 북구 태봉로 71 2층,PC방,35.1633333176507,126.906289473148
LC PC,4.07,광주 광산구 신창로 64,PC방,35.1909424340389,126.837399334676
아이맥스PC방,0.0,광주 북구 군왕로 46,PC방,35.1652662555113,126.932215567169
아이리스PC 첨단월계점,0.0,광주 동구 제봉로 220-1,PC방,35.1549821509234,126.913969293835
애플PC방,0.0,광주 서구 상일로 58 3층 라움pccafe,PC방,35.1607591669436,126.863457626344
이거시PC카페,0.0,광주 북구 양산로 48,PC방,35.2102364668979,126.879358958193
338PC방 본점,0.0,광주 북구 동운로 234 2층 아일랜드pc방,PC방,35.1740632611319,126.875557301757
블랑pc방,0.0,광주 북구 북문대로169번길 19,PC방,35.1829523248335,126.87046539745
아이센스리그PC 광주월곡점,0.0,광주 광산구 풍영철길로 15 콜럼버스월드,PC방,35.1628952489774,126.811659800292
더엑스PC 광주본점,0.0,광주 광산구 북문대로419번길 61 3층,PC방,35.1923248617914,126.846107392131
아이리스 운천점,0.0,광주 서구 화정로 103,PC방,35.1453177339425,126.868706705711
위드 PC ZONE,0.0,광주 북구 중가로 60,PC방,35.1590442956364,126.906763159963
아이리스PC POP 동강대점,0.0,광주 광산구 풍영로200번길 51 2층,PC방,35.1899064074645,126.8169879892
아이센스리그PC 오치점,0.0,광주 북구 서하로 198 2층 아이센스리그PC방,PC방,35.1870562168664,126.902067910841
긱스타PC 상대점,0.0,광주 북구 양산택지로51번길 2,PC방,35.2110014260059,126.880248953232
BRO PC방,0.0,광주 북구 매곡로 74 지하1층,PC방,35.1914082073305,126.893090206586
베니피씨플레이스,0.0,광주 북구 동운로213번길 31 1층,PC방,35.1757191454095,126.873384680399
아이리스PCPOP중흥점,0.0,광주 북구 죽봉대로 203,PC방,35.1716769176722,126.884285798001
블루오션,0.0,광주 남구 대남대로 289,PC방,35.1379649327335,126.895859971237
아프리카TV 오픈스튜디오 PC방 광주운암점,0.0,광주 동구 지호로 35,PC방,35.1480844610406,126.932896605621
아이센스리그PC 진월점,0.0,광주 서구 내방로353번길 7,PC방,35.1580606383874,126.879206213
아이리스PC,0.0,광주 남구 효덕로 276,PC방,35.1081813865137,126.897310101534
애플트리pc방,0.0,광주 서구 상무오월로15번길 28-3 1층,PC방,35.1580070531066,126.861477095339
힐링아일랜드PC카페,0.0,광주 서구 화개중앙로 97,PC방,35.1272621313601,126.852367460867
BOX PC CAFE,4.42,광주 광산구 풍영로 83 303호 IRIS PC POP,PC방,35.1794659348203,126.810889110833
리턴pc방,0.0,광주 광산구 장신로 261 드림프라자 5층,PC방,35.1909533362174,126.838744457536
스타덤PC방 광주오치점,0.0,광주 서구 상무1동 986-34,PC방,35.1537801153732,126.86742770839
아이리스pc카페,0.0,광주 서구 화운로193번길 28 4층 라이또pc방,PC방,35.1563498383711,126.873706090492
쇼타임PC 광주임암점,0.0,광주 서구 월드컵4강로28번길 45-28 2층,PC방,35.1416064105829,126.88206074751
블랑PC방,0.0,광주 광산구 첨단중앙로106번길 23,PC방,35.2150213687587,126.844354168619
라이또PC방 광주봉선점,0.0,광주 서구 금화로 96,PC방,35.1319867657878,126.859149368412
아무pc아뜰리에 금호점,0.0,광주 남구 금화로440번길 10,PC방,35.1445134413325,126.891974861632
아이리스PC방,0.0,광주 서구 유림로98번길 3,PC방,35.1713056129077,126.864436730443
아이리스PC POP 신용점,0.0,광주 광산구 손재로110번길 35 2층,PC방,35.1763566179168,126.798749478467
스타일PC,0.0,광주 동구 필문대로287번길 30,PC방,35.1444722373377,126.929997590986
아이센스리그PC 화정점,0.0,광주 서구 풍암신흥로 20,PC방,35.1196831250934,126.865882512945
아이센스리그PC 광주우산점,0.0,광주 북구 동문대로 189 2층,PC방,35.1792562098307,126.929192383734
로그타운PC,0.0,광주 동구 문화전당로35번길 22,PC방,35.1451050694677,126.91672169365
라이또PC방 광주장덕점,0.0,광주 광산구 목련로273번길 106 3층,PC방,35.1785515283823,126.824993939148
조이PC cafe,0.0,광주 북구 평교로 40,PC방,35.1804118848686,126.925952952464
제로100PC방,0.0,광주 북구 첨단연신로91번길 10,PC방,35.2065518542561,126.863266801363
위드pc방,0.0,광주 광산구 신창로 129 5층,PC방,35.196885857887,126.838401886538
아이팝PC존,0.0,광주 서구 유림로98번길 39 3층,PC방,35.1711109847776,126.868170732717
블랑PC,0.0,광주 서구 풍암1로21번길 3-12,PC방,35.125946336378,126.878526260683
아이리스 PC 방림점,0.0,광주 서구 치평로 24,PC방,35.1494873055939,126.847654362087
블링pc,4.38,광주 남구 월산로151번길 2,PC방,35.1513440909812,126.895522909277
청개구리피시방 운암점,0.0,광주 남구 대남대로171번길 6 1층,PC방,35.1329890743994,126.906269501941
아이리스PCCAFE,3.88,광주 북구 갈마로 45,PC방,35.1620317162145,126.935493708727
케이원PC방,0.0,광주 광산구 수등로 268 4층 레드PC,PC방,35.184964641765,126.83806394817
피씨뱅크,0.0,광주 북구 자미로 64,PC방,35.1715154555654,126.904747878527
헌터pc방 광주신안점,0.0,광주 광산구 왕버들로 86,PC방,35.2022174199651,126.820160901224
비트PC존 광주신창점,0.0,광주 서구 화운로193번길 36-18 4층,PC방,35.1567602080564,126.873601191069
비원pc방,0.0,광주 광산구 첨단중앙로 96,PC방,35.2138342256441,126.843465057781
아이러브pc클럽,0.0,광주 서구 상무대로1081번길 29-26,PC방,35.1558029890148,126.878560589097
라움pccafe,0.0,광주 서구 칠성로 27,PC방,35.166559153091,126.860544292409
아이리스피씨팝,0.0,광주 서구 시청로 7,PC방,35.1490619004014,126.851312103527
아일랜드pc방,0.0,광주 서구 군분2로 17,PC방,35.1545349240006,126.880888951216
블루오션,0.0,광주 서구 상무대로1005번길 27,PC방,35.1542755498153,126.871657199605
브로스pc카페,0.0,광주 광산구 월계로 191,PC방,35.2136391827322,126.846428407237
더블유오pc방,4.53,광주 서구 상무대로 882,PC방,35.1501359568042,126.85853558032
아이리스팝PC,0.0,광주 북구 우치로100번길 24,PC방,35.1762737193435,126.913644756311
PC토랑,0.0,광주 북구 삼정로 122 번지 2층 청담PC,PC방,35.1718161257323,126.934957424112
헌터PC방 광주수완점,0.0,"광주 북구 설죽로202번길 88 2,3층",PC방,35.1772375034083,126.90221252234
이안pc라운지,0.0,광주 북구 송해로 71,PC방,35.2047590624393,126.89930309359
소풍pc,4.73,광주 남구 광복마을길 43 지하1층,PC방,35.1216824200409,126.897434352116
아이리스pc방,0.0,광주 동구 무등로 304,PC방,35.1621331238007,126.916208664113
아이센스리그PC 광주운암점,4.29,광주 북구 설죽로 506-4 2층,PC방,35.2042077713392,126.898626314982
승리PC방,0.0,광주 북구 호동로 65,PC방,35.1774925188669,126.917900655583
모던PC방,0.0,광주 남구 용대로 162-1,PC방,35.1306728506176,126.918368553051
레몬PC,0.0,광주 북구 북문대로 97,PC방,35.1781635281014,126.876081078786
강남PC,0.0,광주 동구 중앙로 260,PC방,35.1549054721251,126.920886394419
블루오션pc방,0.0,광주 남구 독립로 102-1,PC방,35.1427239000051,126.903425339467
아무PC아뜰리에,0.0,광주 북구 양산택지로 52,PC방,35.210759936091,126.880595917055
만땅 PC,0.0,광주 서구 쌍촌로36번길 13,PC방,35.1480465209378,126.866486100668
Iris pc pop 흑석점,0.0,광주 광산구 산정공원로59번길 40,PC방,35.1730663016283,126.804077814284
긱스타PC방,0.0,광주 동구 필문대로 267,PC방,35.1472763745873,126.928152322957
산소피시방 쌍촌점,0.0,광주 광산구 하남대로261번길 14 3층 nu pc방,PC방,35.1804965729187,126.82264597728
라이또pc방 광주내방점,0.0,광주 광산구 신창로 125,PC방,35.1964636433096,126.838183769196
헌터PC방 광주화정점,0.0,광주 동구 필문대로 269,PC방,35.1471525451731,126.928182061594
소풍PC방,0.0,광주 광산구 첨단중앙로170번길 20,PC방,35.2205117130211,126.842920948391
애플피씨존,0.0,광주 남구 봉선로 30,PC방,35.1305876734689,126.903075407245
엔젤PC존 운진각2호점,0.0,광주 북구 하백로6번길 20,PC방,35.1877327026655,126.892422309935
엘리시아PC존,0.0,광주 북구 서하로 193,PC방,35.187467101111,126.901680393455
아이센스리그PC 광주하남점,0.0,광주 남구 제중로 46 스타PC클럽,PC방,35.1385566919917,126.914036175127
TUG PC방,0.0,광주 광산구 임방울대로332번길 19 3충,PC방,35.1897632821246,126.825045223066
비트PC클럽 풍암점,0.0,광주 북구 동운로213번길 28,PC방,35.1756363784296,126.873708544691
아이컨츄리 pc zone,0.0,광주 북구 우치로 80 용봉빌딩 3층,PC방,35.174647854295,126.912893186268
아이맥스PC방,0.0,광주 서구 상무화원로32번길 35,PC방,35.1464379603561,126.846193164378
베니PC방,0.0,광주 북구 호동로 70 문흥동),PC방,35.1777545962595,126.918245543913
아이리스pc카페 문흥점,0.0,광주 서구 풍금로 3,PC방,35.1205553283359,126.865921125471
크라우드PC방 첨단2지구점,0.0,광주 북구 양산로 37-6,PC방,35.2109443083121,126.878737505554
해피로PC 광주신창점,0.0,광주 북구 면앙로139번길 54,PC방,35.1788651019727,126.928715607636
팡팡피시방 PC CAFE,0.0,광주 광산구 첨단중앙로152번길 13 2층 아이리스 PC POP,PC방,35.219141904518,126.843038696469
샹떼PC방 풍암점,0.0,광주 광산구 수등로 267 2층,PC방,35.1853305590723,126.838106919184
BlancPC방 상무점,0.0,광주 광산구 임방울대로826번길 60-1,PC방,35.2146001587463,126.848468128737
블루오션pc방,0.0,"광주 광산구 월계로 169 4층 401,402호",PC방,35.2136680435915,126.844044726574
The Beat Pc cafe,0.0,광주 서구 풍암1로21번길 15 2층.(풍암동),PC방,35.1258350400648,126.879632645558
아이리스PCCAFE 두암점,4.81,광주 광산구 임방울대로 144 번길 2층,PC방,35.1739731986084,126.817911789151
레드PC,0.0,광주 북구 양산제로137번길 21,PC방,35.2043957069198,126.870291339188
블루오션PC,0.0,광주 광산구 어등대로 422 3층,PC방,35.1492487160904,126.769869547982
엘리시아PC,0.0,광주 광산구 장신로 81 빛고을 빌딩 1층 수완PC방,PC방,35.191930678569,126.818252518716
쿤PC방,0.0,광주 서구 풍금로151번길 14,PC방,35.1313173403945,126.858236125673
라움PC방,0.0,광주 북구 북문대로247번길 12-2,PC방,35.1866066255326,126.864637717262
블루피시방,0.0,광주 남구 효우로 79-1,PC방,35.1063211454049,126.904591804799
브레인PC방,0.0,광주 서구 하남대로680번길 3,PC방,35.1711593198676,126.86720092717
여우PC,0.0,광주 광산구 수등로 254,PC방,35.1849582610974,126.836534796069
저스티스PC방,0.0,광주 광산구 어등대로 420,PC방,35.1491139230982,126.770323602454
GINI PC방 레스토랑,4.25,광주 북구 동문대로 16-2,PC방,35.166235082019,126.920024081387
만땅pc,0.0,광주 서구 상무대로876번길 13,PC방,35.1491771553223,126.857744678273
이터널PC카페,0.0,광주 광산구 임방울대로 142-10 3층,PC방,35.1737094017163,126.818352028322
베니pc방,0.0,광주 서구 풍금로177번길 11,PC방,35.1315114707373,126.858216259245
청담PC방,0.0,광주 북구 양일로 51-1 연제아이콤타워,PC방,35.1980273611985,126.870358344449
라인PC용봉점,0.0,광주 남구 봉선중앙로123번길 20 송암빌딩,PC방,35.1320227666154,126.908449422918
플랫폼pc방,0.0,광주 동구 동계로 15,PC방,35.1531191243828,126.924220732006
만땅PC,0.0,광주 광산구 신창로131번길 15 2층,PC방,35.1971485619887,126.837832345903
점퍼pc방,0.0,광주 서구 운천로 69,PC방,35.1388358847194,126.857783080196
아이센스리그PC 일곡점,3.95,광주 북구 설죽로 496-5,PC방,35.2039778279272,126.899047856352
썸PC&CAFE,0.0,광주 북구 우치로 76,PC방,35.1741875736968,126.912952297771
자비스PC존,0.0,광주 서구 운천로204번길 7,PC방,35.1512713252825,126.856175075665
엘리시아pc카페,0.0,광주 광산구 하남대로 151,PC방,35.1802725904097,126.810218655861
케냐PC존,0.0,광주 광산구 풍영로 93,PC방,35.1804305816574,126.811304387178
펀&펀PC백운점,0.0,광주 광산구 월계로 50,PC방,35.2108727907854,126.832191546412
아지트PC,3.86,광주 북구 하서로423번길 26,PC방,35.213218988079,126.873309130052
블루오션PC방,0.0,광주 북구 우치로90번길 8-3,PC방,35.1753266919894,126.91318008014
브로스피시방,0.0,광주 북구 문산로 43 명성빌딩 4층,PC방,35.1856836435089,126.922916051051
게임스토리,0.0,광주 북구 군왕로 206,PC방,35.1790520241772,126.935771189736
앤유pc방,0.0,광주 북구 우치로 225,PC방,35.1849961457738,126.90555668065
청담pc방,0.0,광주 서구 풍암중앙로 39,PC방,35.1251762741011,126.878679353045
올리브피시방 조대점,0.0,광주 광산구 월계로 167 2층 위더스 pc방,PC방,35.214264648831,126.84369630263
더캠프PC방 광주첨단캠프,0.0,광주 북구 서방로107번길 39,PC방,35.1722398375078,126.925098199629
블랑PC방,0.0,광주 서구 독립로 187,PC방,35.1499668660508,126.905121103443
블루오션PC,0.0,광주 남구 독립로 165,PC방,35.1483195262219,126.903733577648
pc플랫폼,0.0,광주 북구 호동로 47,PC방,35.1762863128527,126.917091478675
스타PC,4.17,광주 북구 설죽로 499 서영빌딩3층,PC방,35.2036438915495,126.897989973525
샹떼PC방 수완점,0.0,광주 광산구 선운로 7,PC방,35.1489615454436,126.770393387654
라이또PC방 광주운암점,0.0,광주 북구 매곡로 17 2층,PC방,35.1865675322833,126.893968302848
3POP PC방,0.0,광주 광산구 사암로 275,PC방,35.1689433365633,126.808771222343
아일랜드 pc방,0.0,광주 남구 효우2로 34,PC방,35.1018123329724,126.88834589369
소나무pc방,0.0,광주 북구 서암대로 39,PC방,35.172904664347,126.889112821951
조이앤조이PC방,0.0,광주 서구 내방로306번길 5,PC방,35.1570663867934,126.874108106825
망고PC방,0.0,광주 서구 내방로252번길 7,PC방,35.1570699225308,126.868194375918
블루오션PC,0.0,광주 북구 임방울대로 1034,PC방,35.21223124528,126.87020562278
아이리스 PC 첨단쌍암점,0.0,광주 광산구 임방울대로 148 2층,PC방,35.1744506955959,126.81794420632
헌터PC방 광주신가점,0.0,광주 북구 양일1로 3,PC방,35.1975097974992,126.870942794355
블루오션pc방,0.0,광주 북구 우치로110번길 15,PC방,35.1775059104873,126.913317184749
스타덤PC방 광주첨단점,0.0,광주 서구 치평로 116,PC방,35.157715638966,126.847656474155
퍼스트PC,0.0,광주 광산구 사암로106번길 57,PC방,35.1537817592605,126.81042242557
블랑PC방 운남점,0.0,광주 서구 상일로 58,PC방,35.1607591669436,126.863457626344
청담인터넷카페PC방,0.0,광주 동구 지산로 49,PC방,35.148211565421,126.932432404735
아이센스리그PC 호남대점,0.0,광주 남구 양림동 488-8,PC방,35.1367493646263,126.918731716134
수완PC방,0.0,광주 서구 상무대로1080번길 4 보훈매점 2층,PC방,35.1520306551123,126.880045906514
블랑PC방,0.0,광주 광산구 무진대로 229,PC방,35.1623319608416,126.805704850689
인터아이PC존,0.0,광주 남구 봉선1로 110,PC방,35.1271174130403,126.917030199736
아이리스 PC,0.0,광주 북구 저불로69번길 14 2층,PC방,35.1808298472032,126.893950065076
만땅PC,0.0,광주 광산구 송도로320번길 16-15 명지아파트 상가동 5층,PC방,35.1402985822967,126.803794029342
마블PC,0.0,광주 남구 백운로 69,PC방,35.1393644160089,126.905807914498
더엑스피씨방,0.0,광주 서구 화정로293번길 18,PC방,35.1509457818002,126.887375505503
만땅 PC,0.0,광주 광산구 송정로 44,PC방,35.1353066594793,126.795664162285
놀PC방 심곡점,0.0,광주 광산구 무진대로211번길 16,PC방,35.1630925999151,126.804071550789
플렉스PC,0.0,광주 북구 동문대로 15,PC방,35.166211482086,126.919367815945
라이또pc방 광주금호점,0.0,광주 남구 봉선중앙로 51,PC방,35.1254035168964,126.911122145103
라이또PC방 광주본점,0.0,광주 광산구 장신로50번길 23,PC방,35.1897420460247,126.815828790725
앙뜨피시방,0.0,광주 서구 월드컵4강로28번길 56,PC방,35.141126524506,126.882245021129
